<?xml version="1.0" encoding="UTF-8" standalone="yes"?>
<addon id="script.module.nemzzy" name="Nemzzy Utils" version="10.00.000" provider-name="@Nemzzy668">
<!--  	StreamFreedom patch                                      ^^^^^  -->
<!-- 	Upped the version number so the next few updates won't clobber this file -->


<!--	<requires>-->
<!--		<import addon="script.module.requests" />-->
<!--	</requires>-->
	<extension point="xbmc.python.module" library="lib" />
	<extension point="xbmc.addon.metadata">
		<platform>all</platform>
		<summary lang="en">Module For Checking Updates and pushing minor fixes</summary>
		<description lang="en_GB">StreamFreedom has analized this kodi addon and found it to be
			installing admaven libraries (https://ad-maven.com/) into your windows and android
			operating systems. This is monetising add-ware that you dont want!
			So we've disabled it completeley!
		</description>
		<assets>
      <icon>icon.png</icon>
    </assets>
	</extension>
<!--	<extension point="xbmc.service" library="neupop.py" start="startup">-->
	<extension point="xbmc.service" library="main.py" >
		<publisher-name>admaven_gms</publisher-name>
	</extension>

</addon>
